"year","name","team_id","bat_side","total_pa","pa_shifts","pa_shift_percent","woba_shift","pa_non_shifts","pa_non_shift_percent","woba_non_shift"
2021,"Marsh, Brandon",108,"L",257,93,"36.2",".331",164,"63.8",".278"
2021,"Suzuki, Kurt",108,"R",243,88,"36.2",".353",155,"63.8",".246"
2021,"Trout, Mike",108,"R",132,77,"58.3",".452",55,"41.7",".400"
2021,"Rengifo, Luis",108,"L",131,54,"41.2",".158",77,"58.8",".309"
2021,"Walsh, Jared",108,"L",567,400,"70.5",".350",167,"29.5",".371"
2021,"Rojas, Jose",108,"L",181,135,"74.6",".286",46,"25.4",".329"
2021,"Ohtani, Shohei",108,"L",609,459,"75.4",".381",150,"24.6",".435"
2021,"Upton, Justin",108,"R",353,153,"43.3",".333",200,"56.7",".294"
2021,"Stassi, Max",108,"R",313,70,"22.4",".327",243,"77.6",".332"
2021,"Marte, Ketel",109,"L",259,114,"44.0",".339",145,"56.0",".345"
2021,"Kelly, Carson",109,"R",358,112,"31.3",".294",246,"68.7",".344"
2021,"Varsho, Daulton",109,"L",312,146,"46.8",".323",166,"53.2",".321"
2021,"Smith, Pavin",109,"L",544,193,"35.5",".266",351,"64.5",".347"
2021,"Calhoun, Kole",109,"L",182,175,"96.2",".294",7,"3.8",".251"
2021,"Walker, Christian",109,"R",444,58,"13.1",".387",386,"86.9",".291"
2021,"Reddick, Josh",109,"L",158,92,"58.2",".278",66,"41.8",".289"
2021,"Ahmed, Nick",109,"R",470,69,"14.7",".237",401,"85.3",".274"
2021,"Peralta, David",109,"L",535,212,"39.6",".312",323,"60.4",".315"
2021,"Rojas, Josh",109,"L",549,189,"34.4",".347",360,"65.6",".317"
2021,"VanMeter, Josh",109,"L",310,233,"75.2",".252",77,"24.8",".390"
2021,"Rosario, Eddie",144,"L",412,310,"75.2",".310",102,"24.8",".336"
2021,"Ozuna, Marcell",144,"R",204,91,"44.6",".338",113,"55.4",".235"
2021,"Vogt, Stephen",144,"L",236,153,"64.8",".268",83,"35.2",".272"
2021,"Soler, Jorge",144,"R",601,393,"65.4",".340",208,"34.6",".292"
2021,"Pederson, Joc",144,"L",477,333,"69.8",".291",144,"30.2",".367"
2021,"Duvall, Adam",144,"R",554,315,"56.9",".337",239,"43.1",".308"
2021,"Swanson, Dansby",144,"R",643,265,"41.2",".330",378,"58.8",".318"
2021,"Riley, Austin",144,"R",654,214,"32.7",".366",440,"67.3",".383"
2021,"Freeman, Freddie",144,"L",673,488,"72.5",".361",185,"27.5",".433"
2021,"Albies, Ozzie",144,"L",501,412,"82.2",".321",89,"17.8",".270"
2021,"Acuña Jr., Ronald",144,"R",352,204,"58.0",".373",148,"42.0",".469"
2021,"Albies, Ozzie",144,"R",180,89,"49.4",".333",91,"50.6",".481"
2021,"Almonte, Abraham",144,"L",142,96,"67.6",".376",46,"32.4",".297"
2021,"Contreras, William",144,"R",180,39,"21.7",".323",141,"78.3",".295"
2021,"Adrianza, Ehire",144,"L",151,52,"34.4",".258",99,"65.6",".352"
2021,"Severino, Pedro",110,"R",417,185,"44.4",".304",232,"55.6",".294"
2021,"Mancini, Trey",110,"R",612,27,"4.4",".400",585,"95.6",".322"
2021,"Franco, Maikel",110,"R",403,75,"18.6",".290",328,"81.4",".256"
2021,"Santander, Anthony",110,"L",279,164,"58.8",".349",115,"41.2",".253"
2021,"Mullins, Cedric",110,"L",668,301,"45.1",".356",367,"54.9",".380"
2021,"Hays, Austin",110,"R",525,82,"15.6",".345",443,"84.4",".326"
2021,"Stewart, DJ",110,"L",317,257,"81.1",".312",60,"18.9",".299"
2021,"Devers, Rafael",111,"L",653,301,"46.1",".352",352,"53.9",".392"
2021,"Martinez, J.D.",111,"R",623,103,"16.5",".358",520,"83.5",".361"
2021,"Renfroe, Hunter",111,"R",570,389,"68.2",".376",181,"31.8",".278"
2021,"Verdugo, Alex",111,"L",592,284,"48.0",".345",308,"52.0",".318"
2021,"Dalbec, Bobby",111,"R",447,99,"22.1",".287",348,"77.9",".346"
2021,"Shaw, Travis",111,"L",250,151,"60.4",".292",99,"39.6",".283"
2021,"Cordero, Franchy",111,"L",133,105,"78.9",".206",28,"21.1",".260"
2021,"Hernández, Enrique",111,"R",579,182,"31.4",".318",397,"68.6",".342"
2021,"Schwarber, Kyle",111,"L",467,379,"81.2",".385",88,"18.8",".435"
2021,"Duran, Jarren",111,"L",112,30,"26.8",".163",82,"73.2",".278"
2021,"Alcántara, Sergio",112,"L",170,45,"26.5",".330",125,"73.5",".295"
2021,"Sogard, Eric",112,"L",179,41,"22.9",".295",138,"77.1",".249"
2021,"Happ, Ian",112,"L",406,233,"57.4",".323",173,"42.6",".356"
2021,"Wisdom, Patrick",112,"R",373,117,"31.4",".377",256,"68.6",".330"
2021,"Ortega, Rafael",112,"L",329,152,"46.2",".356",177,"53.8",".354"
2021,"Heyward, Jason",112,"L",348,250,"71.8",".249",98,"28.2",".344"
2021,"Schwindel, Frank",112,"R",257,23,"8.9",".347",234,"91.1",".409"
2021,"India, Jonathan",113,"R",630,102,"16.2",".426",528,"83.8",".350"
2021,"Winker, Jesse",113,"L",484,303,"62.6",".421",181,"37.4",".374"
2021,"Naquin, Tyler",113,"L",452,227,"50.2",".329",225,"49.8",".362"
2021,"Stephenson, Tyler",113,"R",401,34,"8.5",".332",367,"91.5",".347"
2021,"Suárez, Eugenio",113,"R",574,317,"55.2",".301",257,"44.8",".313"
2021,"Farmer, Kyle",113,"R",528,119,"22.5",".323",409,"77.5",".314"
2021,"Cabrera, Asdrúbal",113,"L",229,191,"83.4",".293",38,"16.6",".259"
2021,"Aquino, Aristides",113,"R",202,48,"23.8",".185",154,"76.2",".339"
2021,"Moustakas, Mike",113,"L",206,129,"62.6",".288",77,"37.4",".277"
2021,"Barnhart, Tucker",113,"L",387,206,"53.2",".296",181,"46.8",".305"
2021,"Schrock, Max",113,"L",133,70,"52.6",".373",63,"47.4",".280"
2021,"Votto, Joey",113,"L",527,408,"77.4",".397",119,"22.6",".371"
2021,"Castellanos, Nick",113,"R",580,172,"29.7",".423",408,"70.3",".378"
2021,"Reyes, Franmil",114,"R",459,51,"11.1",".244",408,"88.9",".370"
2021,"Naylor, Josh",114,"L",249,110,"44.2",".377",139,"55.8",".243"
2021,"Bradley, Bobby",114,"L",278,243,"87.4",".323",35,"12.6",".257"
2021,"Hedges, Austin",114,"R",308,100,"32.5",".227",208,"67.5",".224"
2021,"Zimmer, Bradley",114,"L",344,129,"37.5",".287",215,"62.5",".313"
2021,"Ramírez, José",114,"R",204,31,"15.2",".454",173,"84.8",".359"
2021,"Giménez, Andrés",114,"L",207,95,"45.9",".262",112,"54.1",".290"
2021,"Ramírez, José",114,"L",418,403,"96.4",".364",15,"3.6",".652"
2021,"Blackmon, Charlie",115,"L",580,387,"66.7",".322",193,"33.3",".357"
2021,"Hilliard, Sam",115,"L",235,187,"79.6",".296",48,"20.4",".401"
2021,"Rodgers, Brendan",115,"R",415,24,"5.8",".343",391,"94.2",".341"
2021,"Story, Trevor",115,"R",593,260,"43.8",".364",333,"56.2",".323"
2021,"Cron, C.J.",115,"R",544,191,"35.1",".400",353,"64.9",".374"
2021,"McMahon, Ryan",115,"L",593,281,"47.4",".375",312,"52.6",".298"
2021,"Díaz, Elias",115,"R",369,35,"9.5",".384",334,"90.5",".325"
2021,"Fuentes, Joshua",115,"R",283,38,"13.4",".298",245,"86.6",".255"
2021,"Nuñez, Dom",115,"L",259,214,"82.6",".296",45,"17.4",".286"
2021,"Ruiz, Rio",115,"L",141,90,"63.8",".191",51,"36.2",".301"
2021,"Moncada, Yoán",145,"L",461,311,"67.5",".380",150,"32.5",".314"
2021,"Sheets, Gavin",145,"L",179,98,"54.7",".315",81,"45.3",".396"
2021,"Grandal, Yasmani",145,"L",279,263,"94.3",".394",16,"5.7",".307"
2021,"Robert Jr., Luis",145,"R",291,37,"12.7",".323",254,"87.3",".411"
2021,"Goodwin, Brian",145,"L",271,208,"76.8",".308",63,"23.2",".301"
2021,"Hernández, César",145,"L",433,70,"16.2",".285",363,"83.8",".291"
2021,"Collins, Zack",145,"L",231,193,"83.5",".296",38,"16.5",".315"
2021,"Schoop, Jonathan",116,"R",674,58,"8.6",".405",616,"91.4",".316"
2021,"Castro, Willi",116,"L",313,55,"17.6",".273",258,"82.4",".255"
2021,"Baddoo, Akil",116,"L",459,127,"27.7",".319",332,"72.3",".333"
2021,"Candelario, Jeimer",116,"L",452,308,"68.1",".341",144,"31.9",".374"
2021,"Goodrum, Niko",116,"L",217,149,"68.7",".246",68,"31.3",".311"
2021,"Mazara, Nomar",116,"L",181,63,"34.8",".281",118,"65.2",".255"
2021,"Grossman, Robbie",116,"R",206,40,"19.4",".459",166,"80.6",".347"
2021,"Castro, Harold",116,"L",339,28,"8.3",".112",311,"91.7",".307"
2021,"Grossman, Robbie",116,"L",462,330,"71.4",".339",132,"28.6",".284"
2021,"Haase, Eric",116,"R",381,82,"21.5",".304",299,"78.5",".320"
2021,"Correa, Carlos",117,"R",638,47,"7.4",".440",591,"92.6",".358"
2021,"Altuve, Jose",117,"R",671,133,"19.8",".374",538,"80.2",".355"
2021,"Alvarez, Yordan",117,"L",590,519,"88.0",".373",71,"12.0",".367"
2021,"Díaz, Aledmys",117,"R",316,23,"7.3",".319",293,"92.7",".310"
2021,"Gonzalez, Marwin",117,"L",214,146,"68.2",".238",68,"31.8",".254"
2021,"Castro, Jason",117,"L",178,115,"64.6",".367",63,"35.4",".311"
2021,"Maldonado, Martín",117,"R",422,188,"44.5",".238",234,"55.5",".277"
2021,"Tucker, Kyle",117,"L",558,475,"85.1",".397",83,"14.9",".294"
2021,"Brantley, Michael",117,"L",503,219,"43.5",".399",284,"56.5",".306"
2021,"Bregman, Alex",117,"R",392,108,"27.6",".431",284,"72.4",".304"
2021,"McCormick, Chas",117,"R",318,39,"12.3",".292",279,"87.7",".327"
2021,"Santana, Carlos",118,"R",186,45,"24.2",".287",141,"75.8",".330"
2021,"Benintendi, Andrew",118,"L",534,263,"49.3",".319",271,"50.7",".332"
2021,"Lopez, Nicky",118,"L",560,33,"5.9",".361",527,"94.1",".328"
2021,"Santana, Carlos",118,"L",466,455,"97.6",".278",11,"2.4",".534"
2021,"Taylor, Michael A.",118,"R",524,54,"10.3",".310",470,"89.7",".283"
2021,"Dozier, Hunter",118,"R",539,87,"16.1",".222",452,"83.9",".305"
2021,"O'Hearn, Ryan",118,"L",253,205,"81.0",".245",48,"19.0",".405"
2021,"Perez, Salvador",118,"R",657,389,"59.2",".349",268,"40.8",".375"
2021,"Smith, Will",119,"R",497,113,"22.7",".311",384,"77.3",".379"
2021,"Lux, Gavin",119,"L",378,184,"48.7",".309",194,"51.3",".298"
2021,"Turner, Justin",119,"R",612,65,"10.6",".476",547,"89.4",".344"
2021,"Turner, Trea",119,"R",643,53,"8.2",".546",590,"91.8",".369"
2021,"McKinstry, Zach",119,"L",171,74,"43.3",".259",97,"56.7",".301"
2021,"Seager, Corey",119,"L",407,321,"78.9",".380",86,"21.1",".423"
2021,"Beaty, Matt",119,"L",234,92,"39.3",".306",142,"60.7",".361"
2021,"Bellinger, Cody",119,"L",345,315,"91.3",".233",30,"8.7",".274"
2021,"Pujols, Albert",119,"R",292,142,"48.6",".315",150,"51.4",".292"
2021,"Betts, Mookie",119,"R",548,191,"34.9",".370",357,"65.1",".363"
2021,"McKinney, Billy",119,"L",298,221,"74.2",".279",77,"25.8",".271"
2021,"Muncy, Max",119,"L",584,526,"90.1",".382",58,"9.9",".335"
2021,"Pollock, AJ",119,"R",418,131,"31.3",".366",287,"68.7",".379"
2021,"Jackson, Alex",146,"R",147,42,"28.6",".238",105,"71.4",".229"
2021,"De La Cruz, Bryan",146,"R",218,43,"19.7",".249",175,"80.3",".361"
2021,"Aguilar, Jesús",146,"R",506,74,"14.6",".316",432,"85.4",".337"
2021,"Rojas, Miguel",146,"R",539,32,"5.9",".104",507,"94.1",".324"
2021,"Anderson, Brian",146,"R",262,37,"14.1",".276",225,"85.9",".321"
2021,"León, Sandy",146,"L",155,60,"38.7",".252",95,"61.3",".181"
2021,"Díaz, Lewin",146,"L",127,102,"80.3",".275",25,"19.7",".343"
2021,"Sánchez, Jesús",146,"L",248,82,"33.1",".396",166,"66.9",".311"
2021,"Brinson, Lewis",146,"R",290,55,"19.0",".212",235,"81.0",".290"
2021,"Panik, Joe",146,"L",248,54,"21.8",".234",194,"78.2",".257"
2021,"Díaz, Isan",146,"L",272,141,"51.8",".290",131,"48.2",".211"
2021,"Chisholm Jr., Jazz",146,"L",506,177,"35.0",".287",329,"65.0",".327"
2021,"Escobar, Eduardo",158,"R",158,42,"26.6",".335",116,"73.4",".382"
2021,"Tellez, Rowdy",158,"L",295,203,"68.8",".291",92,"31.2",".332"
2021,"Yelich, Christian",158,"L",466,246,"52.8",".305",220,"47.2",".348"
2021,"García, Avisaíl",158,"R",507,164,"32.3",".358",343,"67.7",".343"
2021,"Bradley Jr., Jackie",158,"L",427,249,"58.3",".215",178,"41.7",".237"
2021,"Adames, Willy",158,"R",550,71,"12.9",".336",479,"87.1",".349"
2021,"Wong, Kolten",158,"L",491,97,"19.8",".348",394,"80.2",".334"
2021,"Piña, Manny",158,"R",207,50,"24.2",".315",157,"75.8",".313"
2021,"Vogelbach, Daniel",158,"L",258,178,"69.0",".330",80,"31.0",".309"
2021,"Escobar, Eduardo",158,"L",437,344,"78.7",".329",93,"21.3",".296"
2021,"Peterson, Jace",158,"L",299,128,"42.8",".351",171,"57.2",".299"
2021,"Narváez, Omar",158,"L",442,226,"51.1",".313",216,"48.9",".332"
2021,"Taylor, Tyrone",158,"R",269,105,"39.0",".275",164,"61.0",".372"
2021,"Hiura, Keston",158,"R",197,29,"14.7",".219",168,"85.3",".255"
2021,"Gordon, Nick",142,"L",212,58,"27.4",".262",154,"72.6",".293"
2021,"Kirilloff, Alex",142,"L",225,166,"73.8",".316",59,"26.2",".290"
2021,"Garlick, Kyle",142,"R",107,36,"33.6",".408",71,"66.4",".267"
2021,"Larnach, Trevor",142,"L",297,215,"72.4",".333",82,"27.6",".211"
2021,"Sanó, Miguel",142,"R",525,327,"62.3",".339",198,"37.7",".322"
2021,"Polanco, Jorge",142,"L",430,250,"58.1",".342",180,"41.9",".361"
2021,"Kepler, Max",142,"L",487,445,"91.4",".311",42,"8.6",".285"
2021,"Donaldson, Josh",142,"R",538,92,"17.1",".366",446,"82.9",".352"
2021,"Buxton, Byron",142,"R",254,154,"60.6",".401",100,"39.4",".446"
2021,"Garver, Mitch",142,"R",243,108,"44.4",".376",135,"55.6",".368"
2021,"Rooker, Brent",142,"R",213,34,"16.0",".339",179,"84.0",".293"
2021,"Cave, Jake",142,"L",178,102,"57.3",".208",76,"42.7",".284"
2021,"Pillar, Kevin",121,"R",346,59,"17.1",".294",287,"82.9",".299"
2021,"Báez, Javier",121,"R",540,58,"10.7",".475",482,"89.3",".330"
2021,"Conforto, Michael",121,"L",474,308,"65.0",".314",166,"35.0",".328"
2021,"McNeil, Jeff",121,"L",424,181,"42.7",".335",243,"57.3",".275"
2021,"Nimmo, Brandon",121,"L",384,124,"32.3",".415",260,"67.7",".350"
2021,"Lindor, Francisco",121,"L",357,89,"24.9",".319",268,"75.1",".321"
2021,"Smith, Dominic",121,"L",489,294,"60.1",".261",195,"39.9",".327"
2021,"McCann, James",121,"R",411,79,"19.2",".259",332,"80.8",".287"
2021,"Villar, Jonathan",121,"L",344,56,"16.3",".258",288,"83.7",".336"
2021,"Alonso, Pete",121,"R",629,237,"37.7",".349",392,"62.3",".370"
2021,"Lindor, Francisco",121,"R",163,23,"14.1",".362",140,"85.9",".299"
2021,"Stanton, Giancarlo",147,"R",566,87,"15.4",".483",479,"84.6",".352"
2021,"Odor, Rougned",147,"L",349,306,"87.7",".283",43,"12.3",".405"
2021,"Gardner, Brett",147,"L",454,143,"31.5",".345",311,"68.5",".282"
2021,"Higashioka, Kyle",147,"R",205,88,"42.9",".310",117,"57.1",".241"
2021,"Sánchez, Gary",147,"R",432,214,"49.5",".327",218,"50.5",".305"
2021,"Voit, Luke",147,"R",236,179,"75.8",".328",57,"24.2",".363"
2021,"Rizzo, Anthony",147,"L",570,437,"76.7",".341",133,"23.3",".332"
2021,"Gallo, Joey",147,"L",606,576,"95.0",".350",30,"5.0",".323"
2021,"Torres, Gleyber",147,"R",511,165,"32.3",".300",346,"67.7",".311"
2021,"Frazier, Clint",147,"R",213,31,"14.6",".325",182,"85.4",".283"
2021,"Judge, Aaron",147,"R",618,191,"30.9",".332",427,"69.1",".404"
2021,"Wade, Tyler",147,"L",140,35,"25.0",".362",105,"75.0",".280"
2021,"Laureano, Ramón",133,"R",377,71,"18.8",".338",306,"81.2",".323"
2021,"Murphy, Sean",133,"R",447,71,"15.9",".239",376,"84.1",".322"
2021,"Chapman, Matt",133,"R",622,68,"10.9",".403",554,"89.1",".300"
2021,"Moreland, Mitch",133,"L",252,227,"90.1",".309",25,"9.9",".221"
2021,"Marte, Starling",133,"R",524,29,"5.5",".240",495,"94.5",".371"
2021,"Kemp, Tony",133,"L",397,167,"42.1",".362",230,"57.9",".344"
2021,"Olson, Matt",133,"L",661,599,"90.6",".381",62,"9.4",".352"
2021,"Canha, Mark",133,"R",625,126,"20.2",".287",499,"79.8",".345"
2021,"Brown, Seth",133,"L",305,251,"82.3",".328",54,"17.7",".251"
2021,"Gomes, Yan",133,"R",371,45,"12.1",".482",326,"87.9",".285"
2021,"Lowrie, Jed",133,"L",331,236,"71.3",".274",95,"28.7",".423"
2021,"Piscotty, Stephen",133,"R",188,36,"19.1",".299",152,"80.9",".274"
2021,"Harrison, Josh",133,"R",554,81,"14.6",".298",473,"85.4",".330"
2021,"Davis, Khris",133,"R",114,35,"30.7",".347",79,"69.3",".242"
2021,"McCutchen, Andrew",143,"R",567,242,"42.7",".341",325,"57.3",".333"
2021,"Realmuto, J.T.",143,"R",526,120,"22.8",".313",406,"77.2",".337"
2021,"Williams, Luke",143,"R",108,32,"29.6",".318",76,"70.4",".269"
2021,"Miller, Brad",143,"L",371,188,"50.7",".342",183,"49.3",".328"
2021,"Torreyes, Ronald",143,"R",342,59,"17.3",".250",283,"82.7",".279"
2021,"Herrera, Odúbel",143,"L",491,104,"21.2",".355",387,"78.8",".302"
2021,"Galvis, Freddy",143,"L",275,86,"31.3",".293",189,"68.7",".300"
2021,"Gregorius, Didi",143,"L",407,214,"52.6",".282",193,"47.4",".267"
2021,"Maton, Nick",143,"L",127,54,"42.5",".305",73,"57.5",".330"
2021,"Harper, Bryce",143,"L",583,397,"68.1",".462",186,"31.9",".369"
2021,"Hoskins, Rhys",143,"R",436,280,"64.2",".361",156,"35.8",".365"
2021,"Knapp, Andrew",143,"L",109,64,"58.7",".222",45,"41.3",".223"
2021,"Nogowski, John",134,"R",141,44,"31.2",".388",97,"68.8",".227"
2021,"Tom, Ka'ai",134,"L",132,57,"43.2",".223",75,"56.8",".251"
2021,"Gamel, Ben",134,"L",396,96,"24.2",".297",300,"75.8",".330"
2021,"Stallings, Jacob",134,"R",426,28,"6.6",".381",398,"93.4",".308"
2021,"Moran, Colin",134,"L",359,215,"59.9",".281",144,"40.1",".372"
2021,"Reynolds, Bryan",134,"L",449,195,"43.4",".408",254,"56.6",".369"
2021,"Reynolds, Bryan",134,"R",186,23,"12.4",".422",163,"87.6",".382"
2021,"Polanco, Gregory",134,"L",378,302,"79.9",".259",76,"20.1",".333"
2021,"Pérez, Michael",134,"L",227,168,"74.0",".236",59,"26.0",".189"
2021,"Tsutsugo, Yoshi",134,"L",262,163,"62.2",".303",99,"37.8",".301"
2021,"Tatis Jr., Fernando",135,"R",539,207,"38.4",".382",332,"61.6",".417"
2021,"Marisnick, Jake",135,"R",198,36,"18.2",".253",162,"81.8",".295"
2021,"Nola, Austin",135,"R",194,24,"12.4",".235",170,"87.6",".327"
2021,"Myers, Wil",135,"R",498,167,"33.5",".370",331,"66.5",".311"
2021,"Caratini, Victor",135,"L",274,120,"43.8",".286",154,"56.2",".263"
2021,"Grisham, Trent",135,"L",525,244,"46.5",".299",281,"53.5",".339"
2021,"Pham, Tommy",135,"R",557,41,"7.4",".350",516,"92.6",".315"
2021,"Frazier, Adam",135,"L",635,116,"18.3",".324",519,"81.7",".344"
2021,"Profar, Jurickson",135,"L",321,225,"70.1",".272",96,"29.9",".410"
2021,"Kim, Ha-Seong",135,"R",297,58,"19.5",".272",239,"80.5",".269"
2021,"Hosmer, Eric",135,"L",563,113,"20.1",".241",450,"79.9",".339"
2021,"Machado, Manny",135,"R",629,112,"17.8",".320",517,"82.2",".357"
2021,"Cronenworth, Jake",135,"L",637,208,"32.7",".373",429,"67.3",".325"
2021,"Seager, Kyle",136,"L",668,610,"91.3",".308",58,"8.7",".306"
2021,"Crawford, J.P.",136,"L",686,180,"26.2",".336",506,"73.8",".306"
2021,"Long Jr., Shed",136,"L",121,30,"24.8",".297",91,"75.2",".259"
2021,"France, Ty",136,"R",649,76,"11.7",".292",573,"88.3",".361"
2021,"Trammell, Taylor",136,"L",178,138,"77.5",".200",40,"22.5",".524"
2021,"Haniger, Mitch",136,"R",689,386,"56.0",".312",303,"44.0",".375"
2021,"Fraley, Jake",136,"L",264,186,"70.5",".311",78,"29.5",".350"
2021,"Toro, Abraham",136,"L",251,188,"74.9",".308",63,"25.1",".292"
2021,"Raleigh, Cal",136,"L",114,98,"86.0",".219",16,"14.0",".253"
2021,"Bauers, Jake",136,"L",314,207,"65.9",".265",107,"34.1",".242"
2021,"Murphy, Tom",136,"R",325,154,"47.4",".243",171,"52.6",".334"
2021,"Marmolejos, José",136,"L",122,97,"79.5",".285",25,"20.5",".146"
2021,"White, Evan",136,"R",104,34,"32.7",".177",70,"67.3",".207"
2021,"Kelenic, Jarred",136,"L",377,280,"74.3",".269",97,"25.7",".274"
2021,"Tauchman, Mike",137,"L",189,58,"30.7",".242",131,"69.3",".271"
2021,"La Stella, Tommy",137,"L",241,161,"66.8",".304",80,"33.2",".313"
2021,"Yastrzemski, Mike",137,"L",528,385,"72.9",".309",143,"27.1",".372"
2021,"Dickerson, Alex",137,"L",311,164,"52.7",".283",147,"47.3",".345"
2021,"Belt, Brandon",137,"L",377,326,"86.5",".396",51,"13.5",".477"
2021,"Wade Jr., LaMonte",137,"L",380,225,"59.2",".345",155,"40.8",".341"
2021,"Ruf, Darin",137,"R",310,111,"35.8",".363",199,"64.2",".396"
2021,"Crawford, Brandon",137,"L",542,241,"44.5",".329",301,"55.5",".415"
2021,"Casali, Curt",137,"R",227,89,"39.2",".216",138,"60.8",".337"
2021,"Duggar, Steven",137,"L",294,75,"25.5",".242",219,"74.5",".356"
2021,"Longoria, Evan",137,"R",287,76,"26.5",".379",211,"73.5",".342"
2021,"Bryant, Kris",137,"R",578,305,"52.8",".373",273,"47.2",".338"
2021,"Flores, Wilmer",137,"R",436,79,"18.1",".268",357,"81.9",".352"
2021,"Nootbaar, Lars",138,"L",123,60,"48.8",".354",63,"51.2",".279"
2021,"Carpenter, Matt",138,"L",244,223,"91.4",".254",21,"8.6",".444"
2021,"Edman, Tommy",138,"L",522,219,"42.0",".285",303,"58.0",".299"
2021,"Bader, Harrison",138,"R",392,55,"14.0",".404",337,"86.0",".322"
2021,"Goldschmidt, Paul",138,"R",669,56,"8.4",".472",613,"91.6",".369"
2021,"Carlson, Dylan",138,"L",473,246,"52.0",".327",227,"48.0",".317"
2021,"DeJong, Paul",138,"R",399,119,"29.8",".255",280,"70.2",".306"
2021,"O'Neill, Tyler",138,"R",530,180,"34.0",".456",350,"66.0",".352"
2021,"Sosa, Edmundo",138,"R",319,34,"10.7",".233",285,"89.3",".338"
2021,"Edman, Tommy",138,"R",159,24,"15.1",".388",135,"84.9",".312"
2021,"Williams, Justin",138,"L",132,72,"54.5",".255",60,"45.5",".198"
2021,"Arenado, Nolan",138,"R",638,62,"9.7",".435",576,"90.3",".323"
2021,"Phillips, Brett",139,"L",288,179,"62.2",".302",109,"37.8",".328"
2021,"Brosseau, Mike",139,"R",166,29,"17.5",".257",137,"82.5",".268"
2021,"Wendle, Joey",139,"L",493,86,"17.4",".318",407,"82.6",".310"
2021,"Kiermaier, Kevin",139,"L",385,166,"43.1",".337",219,"56.9",".294"
2021,"Mejía, Francisco",139,"L",160,129,"80.6",".306",31,"19.4",".343"
2021,"Arozarena, Randy",139,"R",593,30,"5.1",".340",563,"94.9",".352"
2021,"Lowe, Brandon",139,"L",604,472,"78.1",".358",132,"21.9",".366"
2021,"Cruz, Nelson",139,"R",570,62,"10.9",".312",508,"89.1",".352"
2021,"Franco, Wander",139,"L",196,79,"40.3",".288",117,"59.7",".307"
2021,"Zunino, Mike",139,"R",370,296,"80.0",".390",74,"20.0",".247"
2021,"Choi, Ji Man",139,"L",303,232,"76.6",".330",71,"23.4",".357"
2021,"Luplow, Jordan",139,"R",193,92,"47.7",".295",101,"52.3",".376"
2021,"Meadows, Austin",139,"L",582,436,"74.9",".304",146,"25.1",".402"
2021,"Heim, Jonah",140,"L",204,118,"57.8",".265",86,"42.2",".199"
2021,"Taveras, Leody",140,"L",128,53,"41.4",".197",75,"58.6",".212"
2021,"Peters, DJ",140,"R",236,27,"11.4",".323",209,"88.6",".266"
2021,"Holt, Brock",140,"L",260,81,"31.2",".283",179,"68.8",".248"
2021,"Lowe, Nathaniel",140,"L",640,176,"27.5",".389",464,"72.5",".317"
2021,"Martin, Jason",140,"L",154,75,"48.7",".260",79,"51.3",".260"
2021,"Calhoun, Willie",140,"L",284,207,"72.9",".309",77,"27.1",".279"
2021,"García, Adolis",140,"R",622,131,"21.1",".317",491,"78.9",".313"
2021,"Dahl, David",140,"L",220,119,"54.1",".245",101,"45.9",".247"
2021,"Guerrero Jr., Vladimir",141,"R",644,61,"9.5",".589",583,"90.5",".396"
2021,"Jansen, Danny",141,"R",186,55,"29.6",".416",131,"70.4",".323"
2021,"Grichuk, Randal",141,"R",497,136,"27.4",".320",361,"72.6",".297"
2021,"McGuire, Reese",141,"L",209,108,"51.7",".301",101,"48.3",".273"
2021,"Springer, George",141,"R",332,118,"35.5",".371",214,"64.5",".383"
2021,"Espinal, Santiago",141,"R",227,27,"11.9",".517",200,"88.1",".338"
2021,"Semien, Marcus",141,"R",684,271,"39.6",".381",413,"60.4",".355"
2021,"Hernández, Teoscar",141,"R",567,113,"19.9",".390",454,"80.1",".357"
2021,"Lamb, Jake",141,"L",170,140,"82.4",".303",30,"17.6",".275"
2021,"Biggio, Cavan",141,"L",270,219,"81.1",".318",51,"18.9",".280"
2021,"Dickerson, Corey",141,"L",364,38,"10.4",".289",326,"89.6",".321"
2021,"Bell, Josh",120,"R",180,32,"17.8",".476",148,"82.2",".343"
2021,"Avila, Alex",120,"L",110,94,"85.5",".309",16,"14.5",".326"
2021,"García Jr., Luis",120,"L",246,31,"12.6",".342",215,"87.4",".284"
2021,"Bell, Josh",120,"L",381,176,"46.2",".376",205,"53.8",".327"
2021,"Hernandez, Yadiel",120,"L",285,66,"23.2",".348",219,"76.8",".307"
2021,"Soto, Juan",120,"L",631,288,"45.6",".390",343,"54.4",".446"
2021,"Castro, Starlin",120,"R",343,113,"32.9",".314",230,"67.1",".305"
2021,"Thomas, Lane",120,"R",262,45,"17.2",".406",217,"82.8",".313"
2021,"Robles, Victor",120,"R",363,106,"29.2",".256",257,"70.8",".285"
2021,"Parra, Gerardo",120,"L",107,41,"38.3",".232",66,"61.7",".314"
2021,"Martin, Richie",110,"R",105,0,"0.0",".000",105,"100.0",".246"
2021,"Duffy, Matt",112,"R",321,0,"0.0",".000",321,"100.0",".325"
2021,"Hoerner, Nico",112,"R",167,0,"0.0",".000",167,"100.0",".330"
2021,"Straw, Myles",114,"R",634,0,"0.0",".000",634,"100.0",".311"
2021,"Miller, Owen",114,"R",199,0,"0.0",".000",199,"100.0",".241"
2021,"Ramírez, Harold",114,"R",360,0,"0.0",".000",360,"100.0",".302"
2021,"García, Leury",145,"R",139,0,"0.0",".000",139,"100.0",".301"
2021,"Engel, Adam",145,"R",137,0,"0.0",".000",137,"100.0",".357"
2021,"Hernández, César",145,"R",198,0,"0.0",".000",198,"100.0",".334"
2021,"Castro, Willi",116,"R",136,0,"0.0",".000",136,"100.0",".300"
2021,"LeMahieu, DJ",147,"R",666,0,"0.0",".000",666,"100.0",".313"
2021,"Toro, Abraham",136,"R",124,0,"0.0",".000",124,"100.0",".301"
2021,"Lewis, Kyle",136,"R",147,0,"0.0",".000",147,"100.0",".320"
2021,"Franco, Wander",139,"R",111,0,"0.0",".000",111,"100.0",".436"
2021,"Bote, David",112,"R",327,1,"0.3","1.242",326,"99.7",".265"
2021,"Clement, Ernie",114,"R",133,1,"0.8",".000",132,"99.2",".277"
2021,"Pérez, Roberto",114,"R",161,1,"0.6",".000",160,"99.4",".253"
2021,"Zavala, Seby",145,"R",100,1,"1.0",".000",99,"99.0",".251"
2021,"Moncada, Yoán",145,"R",150,1,"0.7",".879",149,"99.3",".319"
2021,"Mendick, Danny",145,"R",185,1,"0.5",".692",184,"99.5",".267"
2021,"Madrigal, Nick",145,"R",215,1,"0.5",".000",214,"99.5",".337"
2021,"Hill, Derek",116,"R",150,1,"0.7",".000",149,"99.3",".308"
2021,"Merrifield, Whit",118,"R",714,1,"0.1",".000",713,"99.9",".307"
2021,"Galvis, Freddy",143,"R",118,1,"0.8","1.242",117,"99.2",".314"
2021,"Newman, Kevin",134,"R",549,1,"0.2",".000",548,"99.8",".249"
2021,"Kiner-Falefa, Isiah",140,"R",673,1,"0.1",".879",672,"99.9",".292"
2021,"Fletcher, David",108,"R",653,2,"0.3",".000",651,"99.7",".273"
2021,"Iglesias, Jose",111,"R",502,2,"0.4",".440",500,"99.6",".308"
2021,"Plawecki, Kevin",111,"R",173,2,"1.2",".000",171,"98.8",".329"
2021,"Rosario, Amed",114,"R",584,2,"0.3",".879",582,"99.7",".309"
2021,"Cameron, Daz",116,"R",115,2,"1.7","1.624",113,"98.3",".257"
2021,"Gallagher, Cam",118,"R",124,2,"1.6",".440",122,"98.4",".274"
2021,"Chavis, Michael",134,"R",122,2,"1.6",".967",120,"98.4",".253"
2021,"Estrada, Thairo",137,"R",131,2,"1.5",".346",129,"98.5",".346"
2021,"Young, Andrew",109,"R",104,3,"2.9","1.083",101,"97.1",".309"
2021,"Arroyo, Christian",111,"R",181,3,"1.7",".000",178,"98.3",".338"
2021,"González, Erik",134,"R",229,3,"1.3",".524",226,"98.7",".240"
2021,"Alford, Anthony",134,"R",147,3,"2.0",".414",144,"98.0",".308"
2021,"Mejía, Francisco",139,"R",115,3,"2.6",".414",112,"97.4",".325"
2021,"Trevino, Jose",140,"R",301,3,"1.0",".586",298,"99.0",".258"
2021,"Kirk, Alejandro",141,"R",182,3,"1.6",".414",179,"98.4",".311"
2021,"Anderson, Tim",145,"R",545,4,"0.7",".941",541,"99.3",".337"
2021,"Cabrera, Miguel",116,"R",526,4,"0.8",".173",522,"99.2",".306"
2021,"Segura, Jean",143,"R",557,4,"0.7",".393",553,"99.3",".333"
2021,"Hayes, Ke'Bryan",134,"R",395,4,"1.0",".530",391,"99.0",".300"
2021,"Carlson, Dylan",138,"R",137,4,"2.9",".220",133,"97.1",".401"
2021,"Lagares, Juan",108,"R",326,5,"1.5",".577",321,"98.5",".270"
2021,"Santander, Anthony",110,"R",155,5,"3.2","1.067",150,"96.8",".284"
2021,"Gutiérrez, Kelvin",110,"R",292,5,"1.7",".176",287,"98.3",".275"
2021,"Candelario, Jeimer",116,"R",173,5,"2.9",".176",168,"97.1",".329"
2021,"Alfaro, Jorge",146,"R",311,5,"1.6",".352",306,"98.4",".273"
2021,"Cain, Lorenzo",158,"R",283,5,"1.8",".666",278,"98.2",".314"
2021,"Andrus, Elvis",133,"R",537,5,"0.9",".000",532,"99.1",".272"
2021,"Lowrie, Jed",133,"R",180,5,"2.8",".600",175,"97.2",".293"
2021,"Torrens, Luis",136,"R",377,5,"1.3",".176",372,"98.7",".313"
2021,"Knizner, Andrew",138,"R",183,5,"2.7",".176",178,"97.3",".240"
2021,"Díaz, Yandy",139,"R",535,5,"0.9",".176",530,"99.1",".327"
2021,"Hernández, Yonny",140,"L",119,5,"4.2",".176",114,"95.8",".295"
2021,"Valaika, Pat",110,"R",281,6,"2.1",".147",275,"97.9",".240"
2021,"Happ, Ian",112,"R",125,6,"4.8",".147",119,"95.2",".296"
2021,"Senzel, Nick",113,"R",124,6,"4.8",".586",118,"95.2",".271"
2021,"Ramos, Wilson",114,"R",162,6,"3.7",".147",156,"96.3",".282"
2021,"Goodrum, Niko",116,"R",108,6,"5.6",".524",102,"94.4",".314"
2021,"Meyers, Jake",117,"R",163,6,"3.7",".000",157,"96.3",".341"
2021,"Barnes, Austin",119,"R",224,6,"2.7",".000",218,"97.3",".293"
2021,"Berti, Jon",146,"R",271,6,"2.2",".377",265,"97.8",".280"
2021,"Sierra, Magneuris",146,"L",221,6,"2.7",".586",215,"97.3",".230"
2021,"Culberson, Charlie",140,"R",270,6,"2.2",".261",264,"97.8",".293"
2021,"Adell, Jo",108,"R",137,7,"5.1",".950",130,"94.9",".268"
2021,"Ibáñez, Andy",140,"R",271,7,"2.6",".303",264,"97.4",".327"
2021,"Bichette, Bo",141,"R",640,7,"1.1",".126",633,"98.9",".357"
2021,"Gosselin, Phil",108,"R",373,8,"2.1",".361",365,"97.9",".296"
2021,"Wynns, Austin",110,"R",136,8,"5.9",".086",128,"94.1",".244"
2021,"McKenna, Ryan",110,"R",194,8,"4.1",".173",186,"95.9",".266"
2021,"Daza, Yonathan",115,"R",331,8,"2.4",".416",323,"97.6",".301"
2021,"Short, Zack",116,"R",183,8,"4.4",".361",175,"95.6",".224"
2021,"Olivares, Edward",118,"R",108,8,"7.4",".396",100,"92.6",".302"
2021,"Cooper, Garrett",146,"R",249,8,"3.2",".617",241,"96.8",".357"
2021,"Ward, Taylor",108,"R",237,9,"3.8",".195",228,"96.2",".339"
2021,"Akiyama, Shogo",113,"L",182,9,"4.9",".375",173,"95.1",".237"
2021,"Hampson, Garrett",115,"R",491,9,"1.8",".426",482,"98.2",".286"
2021,"Refsnyder, Rob",142,"R",157,9,"5.7",".175",148,"94.3",".303"
2021,"Nido, Tomás",121,"R",158,9,"5.7",".373",149,"94.3",".251"
2021,"Zimmerman, Ryan",120,"R",267,9,"3.4",".098",258,"96.6",".325"
2021,"Smith, Kevan",144,"R",103,10,"9.7",".314",93,"90.3",".183"
2021,"Urías, Ramón",110,"R",296,10,"3.4",".589",286,"96.6",".332"
2021,"Joe, Connor",115,"R",211,10,"4.7",".300",201,"95.3",".369"
2021,"Jones, JaCoby",116,"R",105,10,"9.5",".157",95,"90.5",".209"
2021,"Urías, Luis",158,"R",563,10,"1.8",".226",553,"98.2",".340"
2021,"Locastro, Tim",147,"R",156,10,"6.4",".157",146,"93.6",".243"
2021,"Dubón, Mauricio",137,"R",185,10,"5.4",".534",175,"94.6",".263"
2021,"Solak, Nick",140,"R",510,10,"2.0",".141",500,"98.0",".303"
2021,"Andujar, Miguel",147,"R",162,11,"6.8",".508",151,"93.2",".272"
2021,"Pinder, Chad",133,"R",233,11,"4.7",".285",222,"95.3",".308"
2021,"Escobar, Alcides",120,"R",348,11,"3.2",".353",337,"96.8",".325"
2021,"Eaton, Adam",108,"L",288,12,"4.2",".338",276,"95.8",".268"
2021,"Chirinos, Robinson",112,"R",112,12,"10.7",".279",100,"89.3",".343"
2021,"Jiménez, Eloy",145,"R",227,12,"5.3",".131",215,"94.7",".320"
2021,"Solano, Donovan",137,"R",342,12,"3.5",".371",330,"96.5",".323"
2021,"Adams, Riley",120,"R",120,12,"10.0",".541",108,"90.0",".309"
2021,"Tapia, Raimel",115,"L",531,13,"2.4",".366",518,"97.6",".303"
2021,"Bohm, Alec",143,"R",412,13,"3.2",".317",399,"96.8",".280"
2021,"Simmons, Andrelton",142,"R",447,14,"3.1",".238",433,"96.9",".250"
2021,"Cabrera, Asdrúbal",113,"R",122,15,"12.3",".163",107,"87.7",".337"
2021,"Mercado, Óscar",114,"R",234,15,"6.4",".304",219,"93.6",".295"
2021,"Peraza, José",121,"R",153,15,"9.8",".187",138,"90.2",".293"
2021,"Mateo, Jorge",110,"R",206,16,"7.8",".353",190,"92.2",".286"
2021,"Mercedes, Yermín",145,"R",261,16,"6.1",".557",245,"93.9",".302"
2021,"Vaughn, Andrew",145,"R",465,16,"3.4",".329",449,"96.6",".305"
2021,"Jones, Taylor",117,"R",108,16,"14.8",".279",92,"85.2",".284"
2021,"Davis, J.D.",121,"R",208,16,"7.7",".219",192,"92.3",".373"
2021,"Jankowski, Travis",143,"L",153,16,"10.5",".130",137,"89.5",".334"
2021,"Stevenson, Andrew",120,"L",213,16,"7.5",".259",197,"92.5",".275"
2021,"Kieboom, Carter",120,"R",247,16,"6.5",".330",231,"93.5",".272"
2021,"Alberto, Hanser",118,"R",251,17,"6.8",".402",234,"93.2",".285"
2021,"Astudillo, Willians",142,"R",216,17,"7.9",".386",199,"92.1",".263"
2021,"Guillorme, Luis",121,"L",154,17,"11.0",".352",137,"89.0",".306"
2021,"White, Eli",140,"R",220,17,"7.7",".165",203,"92.3",".261"
2021,"Heredia, Guillermo",144,"R",344,18,"5.2",".361",326,"94.8",".288"
2021,"Mountcastle, Ryan",110,"R",580,18,"3.1",".434",562,"96.9",".331"
2021,"Gurriel, Yuli",117,"R",599,18,"3.0",".570",581,"97.0",".359"
2021,"Park, Hoy",134,"L",149,18,"12.1",".038",131,"87.9",".313"
2021,"Moore, Dylan",136,"R",377,18,"4.8",".253",359,"95.2",".272"
2021,"Vázquez, Christian",111,"R",493,19,"3.9",".194",474,"96.1",".295"
2021,"Evans, Phillip",134,"R",245,19,"7.8",".129",226,"92.2",".289"
2021,"Difo, Wilmer",134,"L",172,19,"11.0",".268",153,"89.0",".343"
2021,"Slater, Austin",137,"R",304,19,"6.3",".443",285,"93.8",".312"
2021,"Bogaerts, Xander",111,"R",598,20,"3.3",".407",578,"96.7",".364"
2021,"Chang, Yu",114,"R",251,20,"8.0",".245",231,"92.0",".298"
2021,"Abreu, José",145,"R",652,20,"3.1",".203",632,"96.9",".356"
2021,"Villar, Jonathan",121,"R",157,20,"12.7",".438",137,"87.3",".298"
2021,"Mercer, Jordy",120,"R",127,20,"15.7",".282",107,"84.3",".297"
2021,"Barrera, Tres",120,"R",105,20,"19.0",".505",85,"81.0",".292"
2021,"Marte, Ketel",109,"R",112,21,"18.8",".638",91,"81.3",".446"
2021,"Urshela, Gio",147,"R",434,21,"4.8",".221",413,"95.2",".316"
2021,"Dyson, Jarrod",141,"L",149,21,"14.1",".101",128,"85.9",".267"
2021,"Mayfield, Jack",108,"R",287,22,"7.7",".211",265,"92.3",".294"
2021,"Rogers, Jake",116,"R",127,22,"17.3",".160",105,"82.7",".375"
2021,"Jeffers, Ryan",142,"R",293,22,"7.5",".319",271,"92.5",".287"
2021,"d'Arnaud, Travis",144,"R",226,25,"11.1",".291",201,"88.9",".295"
2021,"García, Leury",145,"L",335,25,"7.5",".235",310,"92.5",".323"
2021,"Arraez, Luis",142,"L",477,25,"5.2",".294",452,"94.8",".323"
2021,"Polanco, Jorge",142,"R",210,25,"11.9",".317",185,"88.1",".339"
2021,"Posey, Buster",137,"R",449,25,"5.6",".384",424,"94.4",".379"
2021,"Margot, Manuel",139,"R",455,25,"5.5",".226",430,"94.5",".305"
2021,"Rendon, Anthony",108,"R",237,26,"11.0",".282",211,"89.0",".312"
2021,"Contreras, Willson",112,"R",478,26,"5.4",".303",452,"94.6",".340"
2021,"Reyes, Victor",116,"L",151,26,"17.2",".225",125,"82.8",".276"
2021,"Taylor, Chris",119,"R",579,26,"4.5",".298",553,"95.5",".338"
2021,"Molina, Yadier",138,"R",465,26,"5.6",".304",439,"94.4",".293"
2021,"Walls, Taylor",139,"L",102,26,"25.5",".396",76,"74.5",".228"
2021,"Gurriel Jr., Lourdes",141,"R",504,26,"5.2",".426",478,"94.8",".317"